{"cameraMode":{"drawMode":0,"name":"Shaded","section":"Shading Mode"},"sceneLighting":false,"audioPlay":false,"sceneViewState":{"m_AlwaysRefresh":false,"showFog":false,"showSkybox":false,"showFlares":false,"showImageEffects":false,"showParticleSystems":false,"showVisualEffectGraphs":true,"m_FxEnabled":true},"in2DMode":false,"pivot":{"x":0.32314395904541018,"y":0.7569980621337891,"z":0.13455650210380555},"rotation":{"x":-0.02235386148095131,"y":-0.9691939353942871,"z":0.22580455243587495,"w":-0.09597674757242203},"size":0.6783415079116821,"orthographic":false}