{"cameraMode":{"drawMode":0,"name":"Shaded","section":"Shading Mode"},"sceneLighting":false,"audioPlay":false,"sceneViewState":{"m_AlwaysRefresh":false,"showFog":true,"showSkybox":false,"showFlares":true,"showImageEffects":true,"showParticleSystems":true,"showVisualEffectGraphs":true,"m_FxEnabled":true},"in2DMode":false,"pivot":{"x":379.3418273925781,"y":121.99295043945313,"z":-12.043432235717774},"rotation":{"x":0.08469977229833603,"y":-0.7100772857666016,"z":0.08669581264257431,"w":0.6936477422714233},"size":230.86151123046876,"orthographic":true}