{"cameraMode":{"drawMode":0,"name":"Shaded","section":"Shading Mode"},"sceneLighting":false,"audioPlay":false,"sceneViewState":{"m_AlwaysRefresh":false,"showFog":true,"showSkybox":false,"showFlares":true,"showImageEffects":true,"showParticleSystems":true,"showVisualEffectGraphs":true,"m_FxEnabled":true},"in2DMode":false,"pivot":{"x":0.019999995827674867,"y":-0.8300000429153442,"z":5.490000247955322},"rotation":{"x":0.04278447479009628,"y":0.7926178574562073,"z":-0.055963777005672458,"w":0.6056895852088928},"size":1.0307762622833253,"orthographic":false}