{"cameraMode":{"drawMode":0,"name":"Shaded","section":"Shading Mode"},"sceneLighting":false,"audioPlay":false,"sceneViewState":{"m_AlwaysRefresh":false,"showFog":false,"showSkybox":false,"showFlares":false,"showImageEffects":false,"showParticleSystems":false,"showVisualEffectGraphs":true,"m_FxEnabled":true},"in2DMode":false,"pivot":{"x":0.07097268104553223,"y":0.8283539414405823,"z":-0.16393734514713288},"rotation":{"x":0.007523159496486187,"y":-0.9924875497817993,"z":0.08896283805370331,"w":0.08386088907718659},"size":0.8118303418159485,"orthographic":true}