{"cameraMode":{"drawMode":0,"name":"Shaded","section":"Shading Mode"},"sceneLighting":false,"audioPlay":false,"sceneViewState":{"m_AlwaysRefresh":false,"showFog":false,"showSkybox":false,"showFlares":false,"showImageEffects":false,"showParticleSystems":false,"showVisualEffectGraphs":true,"m_FxEnabled":true},"in2DMode":false,"pivot":{"x":0.201862171292305,"y":0.6466706991195679,"z":0.20054146647453309},"rotation":{"x":0.1912812739610672,"y":0.22908636927604676,"z":-0.04592351242899895,"w":0.9533603191375732},"size":1.1679106950759888,"orthographic":false}