{"cameraMode":{"drawMode":0,"name":"Shaded","section":"Shading Mode"},"sceneLighting":true,"audioPlay":false,"sceneViewState":{"m_AlwaysRefresh":false,"showFog":true,"showSkybox":false,"showFlares":true,"showImageEffects":true,"showParticleSystems":true,"showVisualEffectGraphs":true,"m_FxEnabled":true},"in2DMode":false,"pivot":{"x":-8.092705726623536,"y":0.9786765575408936,"z":-0.3806159794330597},"rotation":{"x":0.12582604587078095,"y":-0.8738653659820557,"z":0.31938061118125918,"w":0.3442761301994324},"size":2.7952115535736086,"orthographic":true}