{"cameraMode":{"drawMode":0,"name":"Shaded","section":"Shading Mode"},"sceneLighting":true,"audioPlay":false,"sceneViewState":{"m_AlwaysRefresh":false,"showFog":true,"showSkybox":true,"showFlares":true,"showImageEffects":true,"showParticleSystems":true,"showVisualEffectGraphs":true,"m_FxEnabled":true},"in2DMode":false,"pivot":{"x":1.7138205766677857,"y":1.9199589490890504,"z":12.840195655822754},"rotation":{"x":0.06335688382387161,"y":-0.8853905200958252,"z":0.44263067841529848,"w":0.1281278133392334},"size":4.038766860961914,"orthographic":false}