{"cameraMode":{"drawMode":0,"name":"Shaded","section":"Shading Mode"},"sceneLighting":true,"audioPlay":false,"sceneViewState":{"m_AlwaysRefresh":false,"showFog":true,"showSkybox":true,"showFlares":true,"showImageEffects":true,"showParticleSystems":true,"showVisualEffectGraphs":true,"m_FxEnabled":true},"in2DMode":false,"pivot":{"x":10.770018577575684,"y":-5.766478538513184,"z":15.995637893676758},"rotation":{"x":0.0050885980017483238,"y":-0.8951225876808167,"z":0.44571927189826968,"w":0.010207581333816052},"size":13.365249633789063,"orthographic":false}