{"cameraMode":{"drawMode":0,"name":"Shaded","section":"Shading Mode"},"sceneLighting":true,"audioPlay":false,"sceneViewState":{"m_AlwaysRefresh":false,"showFog":true,"showSkybox":true,"showFlares":true,"showImageEffects":true,"showParticleSystems":true,"showVisualEffectGraphs":true,"m_FxEnabled":true},"in2DMode":false,"pivot":{"x":-0.26356086134910586,"y":1.26340651512146,"z":1.0313001871109009},"rotation":{"x":-0.15703216195106507,"y":-0.41478708386421206,"z":0.07290642708539963,"w":-0.8933425545692444},"size":2.016525983810425,"orthographic":true}